{
  "model_type": "XGBoost",
  "trained": true,
  "feature_importance": {
    "ast_score": 0.28114140033721924,
    "yara_score": 0.054606661200523376,
    "runtime_score": 0.06050654128193855,
    "sandbox_score": 0.0,
    "pcap_score": 0.12427624315023422,
    "memory_score": 0.0,
    "binary_score": 0.0,
    "engine_count": 0.04688310623168945,
    "max_score": 0.05632180720567703,
    "mean_score": 0.2537555992603302,
    "variance": 0.122508704662323
  },
  "optimal_threshold": 0.3500000000000001,
  "default_weights": {
    "ast": 0.25,
    "yara": 0.15,
    "runtime": 0.2,
    "sandbox": 0.2,
    "pcap": 0.05,
    "memory": 0.1,
    "binary": 0.05
  },
  "native_model_path": "/Users/zen/Desktop/KuraTi_Output/security/reports/xgboost_native.json"
}